title,description,category,tags,thumbnail,images,sizes,colors,price_usd
Manchester United Men Solid Black Track Pants,Men's Track Pants in Black. Ideal for sports and active training. Part of the 2011 collection. Designed for fall conditions. Available in multiple sizes for the perfect fit.,training-apparel,track-pants|men|black|casual|bottomwear,https://xtmpqidmltipyfpbogog.supabase.co/storage/v1/object/public/product-images/21379.jpg,https://xtmpqidmltipyfpbogog.supabase.co/storage/v1/object/public/product-images/21379.jpg,S|M|L|XL,Black,49.99
Puma Men Grey T-shirt,Men's Tshirts in Grey. Ideal for sports and active training. Part of the 2012 collection. Available in multiple sizes for the perfect fit.,training-apparel,tshirts|men|grey|casual|topwear,https://xtmpqidmltipyfpbogog.supabase.co/storage/v1/object/public/product-images/53759.jpg,https://xtmpqidmltipyfpbogog.supabase.co/storage/v1/object/public/product-images/53759.jpg,S|M|L|XL,Grey,49.99
Inkfruit Mens Chain Reaction T-shirt,Men's Tshirts in Grey. Ideal for sports and active training. Part of the 2011 collection. Available in multiple sizes for the perfect fit.,training-apparel,tshirts|men|grey|casual|topwear,https://xtmpqidmltipyfpbogog.supabase.co/storage/v1/object/public/product-images/1855.jpg,https://xtmpqidmltipyfpbogog.supabase.co/storage/v1/object/public/product-images/1855.jpg,S|M|L|XL,Grey,49.99
Puma Men Future Cat Remix SF Black Casual Shoes,Men's Casual Shoes in Black. Ideal for sports and active training. Part of the 2011 collection. Available in multiple sizes for the perfect fit.,running-shoes,casual-shoes|men|black|casual|shoes,https://xtmpqidmltipyfpbogog.supabase.co/storage/v1/object/public/product-images/9204.jpg,https://xtmpqidmltipyfpbogog.supabase.co/storage/v1/object/public/product-images/9204.jpg,38|39|40|41|42|43|44,Black,89.99
Gini and Jony Girls Knit White Top,Girls's Tops in White. Ideal for sports and active training. Part of the 2012 collection. Available in multiple sizes for the perfect fit.,training-apparel,tops|girls|white|casual|topwear,https://xtmpqidmltipyfpbogog.supabase.co/storage/v1/object/public/product-images/42419.jpg,https://xtmpqidmltipyfpbogog.supabase.co/storage/v1/object/public/product-images/42419.jpg,S|M|L|XL,White,49.99
ADIDAS Men Lfc Auth Hood Grey Sweatshirts,Men's Sweatshirts in Grey. Ideal for sports and active training. Part of the 2011 collection. Designed for fall conditions. Available in multiple sizes for the perfect fit.,training-apparel,sweatshirts|men|grey|sports|topwear,https://xtmpqidmltipyfpbogog.supabase.co/storage/v1/object/public/product-images/13089.jpg,https://xtmpqidmltipyfpbogog.supabase.co/storage/v1/object/public/product-images/13089.jpg,S|M|L|XL,Grey,49.99
Fila Men's Round Neck Navy Blue T-shirt,Men's Tshirts in Navy Blue. Ideal for sports and active training. Part of the 2011 collection. Designed for fall conditions. Available in multiple sizes for the perfect fit.,training-apparel,tshirts|men|navy blue|sports|topwear,https://xtmpqidmltipyfpbogog.supabase.co/storage/v1/object/public/product-images/7990.jpg,https://xtmpqidmltipyfpbogog.supabase.co/storage/v1/object/public/product-images/7990.jpg,S|M|L|XL,Navy Blue,49.99
Disney Kids Boy's Crew Sea Life Sialing Green Teen Kidswear,Boys's Tshirts in Green. Ideal for sports and active training. Part of the 2011 collection. Available in multiple sizes for the perfect fit.,training-apparel,tshirts|boys|green|casual|topwear,https://xtmpqidmltipyfpbogog.supabase.co/storage/v1/object/public/product-images/4729.jpg,https://xtmpqidmltipyfpbogog.supabase.co/storage/v1/object/public/product-images/4729.jpg,S|M|L|XL,Green,49.99
Gas Men Europa White Shoes,Men's Casual Shoes in White. Ideal for sports and active training. Part of the 2014 collection. Designed for winter conditions. Available in multiple sizes for the perfect fit.,running-shoes,casual-shoes|men|white|casual|shoes,https://xtmpqidmltipyfpbogog.supabase.co/storage/v1/object/public/product-images/39988.jpg,https://xtmpqidmltipyfpbogog.supabase.co/storage/v1/object/public/product-images/39988.jpg,38|39|40|41|42|43|44,White,89.99
Jealous 21 Women's Pink T-shirt,Women's Tshirts in Pink. Ideal for sports and active training. Part of the 2011 collection. Available in multiple sizes for the perfect fit.,training-apparel,tshirts|women|pink|casual|topwear,https://xtmpqidmltipyfpbogog.supabase.co/storage/v1/object/public/product-images/3954.jpg,https://xtmpqidmltipyfpbogog.supabase.co/storage/v1/object/public/product-images/3954.jpg,S|M|L|XL,Pink,49.99
Nike Men's Incinerate MSL White Blue Shoe,Men's Sports Shoes in White. Ideal for sports and active training. Part of the 2010 collection. Designed for fall conditions. Available in multiple sizes for the perfect fit.,running-shoes,sports-shoes|men|white|sports|shoes,https://xtmpqidmltipyfpbogog.supabase.co/storage/v1/object/public/product-images/3168.jpg,https://xtmpqidmltipyfpbogog.supabase.co/storage/v1/object/public/product-images/3168.jpg,38|39|40|41|42|43|44,White,89.99
Puma Men Long Logo Black Bermuda,Men's Shorts in Black. Ideal for sports and active training. Part of the 2011 collection. Available in multiple sizes for the perfect fit.,training-apparel,shorts|men|black|sports|bottomwear,https://xtmpqidmltipyfpbogog.supabase.co/storage/v1/object/public/product-images/18005.jpg,https://xtmpqidmltipyfpbogog.supabase.co/storage/v1/object/public/product-images/18005.jpg,S|M|L|XL,Black,49.99
Puma Men's Stripe Polo Black T-shirt,Men's Tshirts in Black. Ideal for sports and active training. Part of the 2011 collection. Available in multiple sizes for the perfect fit.,training-apparel,tshirts|men|black|casual|topwear,https://xtmpqidmltipyfpbogog.supabase.co/storage/v1/object/public/product-images/5891.jpg,https://xtmpqidmltipyfpbogog.supabase.co/storage/v1/object/public/product-images/5891.jpg,S|M|L|XL,Black,49.99
Nike Women Purple Polo T-shirt,Women's Tshirts in Purple. Ideal for sports and active training. Part of the 2012 collection. Available in multiple sizes for the perfect fit.,training-apparel,tshirts|women|purple|casual|topwear,https://xtmpqidmltipyfpbogog.supabase.co/storage/v1/object/public/product-images/38630.jpg,https://xtmpqidmltipyfpbogog.supabase.co/storage/v1/object/public/product-images/38630.jpg,S|M|L|XL,Purple,49.99
Wrangler Men Motor Rider Red T-Shirts,Men's Tshirts in Red. Ideal for sports and active training. Part of the 2011 collection. Designed for fall conditions. Available in multiple sizes for the perfect fit.,training-apparel,tshirts|men|red|casual|topwear,https://xtmpqidmltipyfpbogog.supabase.co/storage/v1/object/public/product-images/10866.jpg,https://xtmpqidmltipyfpbogog.supabase.co/storage/v1/object/public/product-images/10866.jpg,S|M|L|XL,Red,49.99
Puma Men Scribble Black Tshirts,Men's Tshirts in Black. Ideal for sports and active training. Part of the 2011 collection. Designed for fall conditions. Available in multiple sizes for the perfect fit.,training-apparel,tshirts|men|black|casual|topwear,https://xtmpqidmltipyfpbogog.supabase.co/storage/v1/object/public/product-images/15528.jpg,https://xtmpqidmltipyfpbogog.supabase.co/storage/v1/object/public/product-images/15528.jpg,S|M|L|XL,Black,49.99
Timberland Men Black Casual Shoes,Men's Casual Shoes in Black. Ideal for sports and active training. Part of the 2012 collection. Designed for fall conditions. Available in multiple sizes for the perfect fit.,running-shoes,casual-shoes|men|black|casual|shoes,https://xtmpqidmltipyfpbogog.supabase.co/storage/v1/object/public/product-images/22198.jpg,https://xtmpqidmltipyfpbogog.supabase.co/storage/v1/object/public/product-images/22198.jpg,38|39|40|41|42|43|44,Black,89.99
Vans Men Classic Slip-On Purple & Black Shoes,Men's Casual Shoes in Purple. Ideal for sports and active training. Part of the 2012 collection. Available in multiple sizes for the perfect fit.,running-shoes,casual-shoes|men|purple|casual|shoes,https://xtmpqidmltipyfpbogog.supabase.co/storage/v1/object/public/product-images/29570.jpg,https://xtmpqidmltipyfpbogog.supabase.co/storage/v1/object/public/product-images/29570.jpg,38|39|40|41|42|43|44,Purple,89.99
ADIDAS Men's Lowell White Silver Shoe,Men's Sports Shoes in White. Ideal for sports and active training. Part of the 2011 collection. Available in multiple sizes for the perfect fit.,running-shoes,sports-shoes|men|white|sports|shoes,https://xtmpqidmltipyfpbogog.supabase.co/storage/v1/object/public/product-images/6628.jpg,https://xtmpqidmltipyfpbogog.supabase.co/storage/v1/object/public/product-images/6628.jpg,38|39|40|41|42|43|44,White,89.99
Do U Speak Green Men Blue Shorts,Men's Shorts in Blue. Ideal for sports and active training. Part of the 2012 collection. Available in multiple sizes for the perfect fit.,training-apparel,shorts|men|blue|casual|bottomwear,https://xtmpqidmltipyfpbogog.supabase.co/storage/v1/object/public/product-images/54924.jpg,https://xtmpqidmltipyfpbogog.supabase.co/storage/v1/object/public/product-images/54924.jpg,S|M|L|XL,Blue,49.99
ID Men Red Shoes,Men's Casual Shoes in Red. Ideal for sports and active training. Part of the 2012 collection. Designed for fall conditions. Available in multiple sizes for the perfect fit.,running-shoes,casual-shoes|men|red|casual|shoes,https://xtmpqidmltipyfpbogog.supabase.co/storage/v1/object/public/product-images/26538.jpg,https://xtmpqidmltipyfpbogog.supabase.co/storage/v1/object/public/product-images/26538.jpg,38|39|40|41|42|43|44,Red,89.99
Vans Men Khaki Shoes,Men's Casual Shoes in Khaki. Ideal for sports and active training. Part of the 2012 collection. Available in multiple sizes for the perfect fit.,running-shoes,casual-shoes|men|khaki|casual|shoes,https://xtmpqidmltipyfpbogog.supabase.co/storage/v1/object/public/product-images/49495.jpg,https://xtmpqidmltipyfpbogog.supabase.co/storage/v1/object/public/product-images/49495.jpg,38|39|40|41|42|43|44,Khaki,89.99
Nike Women Black T-shirt,Women's Tshirts in Black. Ideal for sports and active training. Part of the 2010 collection. Designed for fall conditions. Available in multiple sizes for the perfect fit.,training-apparel,tshirts|women|black|sports|topwear,https://xtmpqidmltipyfpbogog.supabase.co/storage/v1/object/public/product-images/2288.jpg,https://xtmpqidmltipyfpbogog.supabase.co/storage/v1/object/public/product-images/2288.jpg,S|M|L|XL,Black,49.99
ADIDAS Men Blue Sweatshirt,Men's Sweatshirts in Blue. Ideal for sports and active training. Part of the 2011 collection. Designed for fall conditions. Available in multiple sizes for the perfect fit.,training-apparel,sweatshirts|men|blue|casual|topwear,https://xtmpqidmltipyfpbogog.supabase.co/storage/v1/object/public/product-images/23876.jpg,https://xtmpqidmltipyfpbogog.supabase.co/storage/v1/object/public/product-images/23876.jpg,S|M|L|XL,Blue,49.99
Manchester United Men Solid Red Tshirt,Men's Tshirts in Red. Ideal for sports and active training. Part of the 2011 collection. Designed for fall conditions. Available in multiple sizes for the perfect fit.,training-apparel,tshirts|men|red|casual|topwear,https://xtmpqidmltipyfpbogog.supabase.co/storage/v1/object/public/product-images/18237.jpg,https://xtmpqidmltipyfpbogog.supabase.co/storage/v1/object/public/product-images/18237.jpg,S|M|L|XL,Red,49.99
Mineral Women Green Top,Women's Tops in Green. Ideal for sports and active training. Part of the 2012 collection. Available in multiple sizes for the perfect fit.,training-apparel,tops|women|green|casual|topwear,https://xtmpqidmltipyfpbogog.supabase.co/storage/v1/object/public/product-images/49653.jpg,https://xtmpqidmltipyfpbogog.supabase.co/storage/v1/object/public/product-images/49653.jpg,S|M|L|XL,Green,49.99
United Colors of Benetton Men Solid Pink Polo T-shirts,Men's Tshirts in Pink. Ideal for sports and active training. Part of the 2011 collection. Available in multiple sizes for the perfect fit.,training-apparel,tshirts|men|pink|casual|topwear,https://xtmpqidmltipyfpbogog.supabase.co/storage/v1/object/public/product-images/13419.jpg,https://xtmpqidmltipyfpbogog.supabase.co/storage/v1/object/public/product-images/13419.jpg,S|M|L|XL,Pink,49.99
Puma Men Axis White & Grey Sports Shoes,Men's Sports Shoes in White. Ideal for sports and active training. Part of the 2012 collection. Available in multiple sizes for the perfect fit.,running-shoes,sports-shoes|men|white|sports|shoes,https://xtmpqidmltipyfpbogog.supabase.co/storage/v1/object/public/product-images/33822.jpg,https://xtmpqidmltipyfpbogog.supabase.co/storage/v1/object/public/product-images/33822.jpg,38|39|40|41|42|43|44,White,89.99
Tonga Women Maroon Top,Women's Tops in Off White. Ideal for sports and active training. Part of the 2012 collection. Available in multiple sizes for the perfect fit.,training-apparel,tops|women|off white|casual|topwear,https://xtmpqidmltipyfpbogog.supabase.co/storage/v1/object/public/product-images/58513.jpg,https://xtmpqidmltipyfpbogog.supabase.co/storage/v1/object/public/product-images/58513.jpg,S|M|L|XL,Off White,49.99
Just Natural Unisex Charcoal Rain Jacket,Unisex Rain Jacket in Coffee Brown. Ideal for sports and active training. Part of the 2012 collection. Available in multiple sizes for the perfect fit.,jackets,rain-jacket|unisex|coffee brown|na|topwear,https://xtmpqidmltipyfpbogog.supabase.co/storage/v1/object/public/product-images/52029.jpg,https://xtmpqidmltipyfpbogog.supabase.co/storage/v1/object/public/product-images/52029.jpg,S|M|L|XL,Coffee Brown,79.99
ADIDAS Men's Twelve Faster T-shirt,Men's Tshirts in Black. Ideal for sports and active training. Part of the 2011 collection. Available in multiple sizes for the perfect fit.,training-apparel,tshirts|men|black|casual|topwear,https://xtmpqidmltipyfpbogog.supabase.co/storage/v1/object/public/product-images/5865.jpg,https://xtmpqidmltipyfpbogog.supabase.co/storage/v1/object/public/product-images/5865.jpg,S|M|L|XL,Black,49.99
Indigo Nation Men Printed Black T-shirt,Men's Tshirts in Black. Ideal for sports and active training. Part of the 2012 collection. Available in multiple sizes for the perfect fit.,training-apparel,tshirts|men|black|casual|topwear,https://xtmpqidmltipyfpbogog.supabase.co/storage/v1/object/public/product-images/29584.jpg,https://xtmpqidmltipyfpbogog.supabase.co/storage/v1/object/public/product-images/29584.jpg,S|M|L|XL,Black,49.99
Urban Yoga Women Blue Skirt With Leggings,Women's Skirts in Blue. Ideal for sports and active training. Part of the 2012 collection. Available in multiple sizes for the perfect fit.,training-apparel,skirts|women|blue|sports|bottomwear,https://xtmpqidmltipyfpbogog.supabase.co/storage/v1/object/public/product-images/28456.jpg,https://xtmpqidmltipyfpbogog.supabase.co/storage/v1/object/public/product-images/28456.jpg,S|M|L|XL,Blue,49.99
Gini and Jony Girls Black Top,Girls's Tops in Black. Ideal for sports and active training. Part of the 2012 collection. Available in multiple sizes for the perfect fit.,training-apparel,tops|girls|black|casual|topwear,https://xtmpqidmltipyfpbogog.supabase.co/storage/v1/object/public/product-images/34009.jpg,https://xtmpqidmltipyfpbogog.supabase.co/storage/v1/object/public/product-images/34009.jpg,S|M|L|XL,Black,49.99
Nike Men Air Rift MTR White Casual Shoe,Men's Casual Shoes in White. Ideal for sports and active training. Part of the 2011 collection. Designed for fall conditions. Available in multiple sizes for the perfect fit.,running-shoes,casual-shoes|men|white|casual|shoes,https://xtmpqidmltipyfpbogog.supabase.co/storage/v1/object/public/product-images/19311.jpg,https://xtmpqidmltipyfpbogog.supabase.co/storage/v1/object/public/product-images/19311.jpg,38|39|40|41|42|43|44,White,89.99
ADIDAS Men White Corona Sports Shoes,Men's Sports Shoes in White. Ideal for sports and active training. Part of the 2012 collection. Available in multiple sizes for the perfect fit.,running-shoes,sports-shoes|men|white|sports|shoes,https://xtmpqidmltipyfpbogog.supabase.co/storage/v1/object/public/product-images/42089.jpg,https://xtmpqidmltipyfpbogog.supabase.co/storage/v1/object/public/product-images/42089.jpg,38|39|40|41|42|43|44,White,89.99
Vans Men Blue Era Scilla Plaid Shoes,Men's Casual Shoes in Blue. Ideal for sports and active training. Part of the 2012 collection. Available in multiple sizes for the perfect fit.,running-shoes,casual-shoes|men|blue|casual|shoes,https://xtmpqidmltipyfpbogog.supabase.co/storage/v1/object/public/product-images/49461.jpg,https://xtmpqidmltipyfpbogog.supabase.co/storage/v1/object/public/product-images/49461.jpg,38|39|40|41|42|43|44,Blue,89.99
Classic Polo Men Vulcan White Polo Tshirts,Men's Tshirts in White. Ideal for sports and active training. Part of the 2011 collection. Designed for fall conditions. Available in multiple sizes for the perfect fit.,training-apparel,tshirts|men|white|casual|topwear,https://xtmpqidmltipyfpbogog.supabase.co/storage/v1/object/public/product-images/9694.jpg,https://xtmpqidmltipyfpbogog.supabase.co/storage/v1/object/public/product-images/9694.jpg,S|M|L|XL,White,49.99
Fila Men Destiny Grey Sports Shoes,Men's Sports Shoes in Grey. Ideal for sports and active training. Part of the 2011 collection. Designed for fall conditions. Available in multiple sizes for the perfect fit.,running-shoes,sports-shoes|men|grey|sports|shoes,https://xtmpqidmltipyfpbogog.supabase.co/storage/v1/object/public/product-images/23882.jpg,https://xtmpqidmltipyfpbogog.supabase.co/storage/v1/object/public/product-images/23882.jpg,38|39|40|41|42|43|44,Grey,89.99
ADIDAS Men Blue Chill Sports Shoes,Men's Sports Shoes in Blue. Ideal for sports and active training. Part of the 2012 collection. Available in multiple sizes for the perfect fit.,running-shoes,sports-shoes|men|blue|sports|shoes,https://xtmpqidmltipyfpbogog.supabase.co/storage/v1/object/public/product-images/34835.jpg,https://xtmpqidmltipyfpbogog.supabase.co/storage/v1/object/public/product-images/34835.jpg,38|39|40|41|42|43|44,Blue,89.99
Doodle Boy's Route 66 Biker Blue Teen Kidswear,Boys's Tshirts in Blue. Ideal for sports and active training. Part of the 2011 collection. Designed for fall conditions. Available in multiple sizes for the perfect fit.,training-apparel,tshirts|boys|blue|casual|topwear,https://xtmpqidmltipyfpbogog.supabase.co/storage/v1/object/public/product-images/8322.jpg,https://xtmpqidmltipyfpbogog.supabase.co/storage/v1/object/public/product-images/8322.jpg,S|M|L|XL,Blue,49.99
ADIDAS Kids Adispeed Black Sports Shoes,Unisex Sports Shoes in Black. Ideal for sports and active training. Part of the 2011 collection. Designed for fall conditions. Available in multiple sizes for the perfect fit.,running-shoes,sports-shoes|unisex|black|sports|shoes,https://xtmpqidmltipyfpbogog.supabase.co/storage/v1/object/public/product-images/12993.jpg,https://xtmpqidmltipyfpbogog.supabase.co/storage/v1/object/public/product-images/12993.jpg,38|39|40|41|42|43|44,Black,89.99
United Colors of Benetton Men Solid Blue Sweatshirt,Men's Sweatshirts in Blue. Ideal for sports and active training. Part of the 2011 collection. Designed for fall conditions. Available in multiple sizes for the perfect fit.,training-apparel,sweatshirts|men|blue|casual|topwear,https://xtmpqidmltipyfpbogog.supabase.co/storage/v1/object/public/product-images/19547.jpg,https://xtmpqidmltipyfpbogog.supabase.co/storage/v1/object/public/product-images/19547.jpg,S|M|L|XL,Blue,49.99
Puma Men's Large Logo Graphic Black T-shirt,Men's Tshirts in Black. Ideal for sports and active training. Part of the 2011 collection. Designed for fall conditions. Available in multiple sizes for the perfect fit.,training-apparel,tshirts|men|black|sports|topwear,https://xtmpqidmltipyfpbogog.supabase.co/storage/v1/object/public/product-images/7964.jpg,https://xtmpqidmltipyfpbogog.supabase.co/storage/v1/object/public/product-images/7964.jpg,S|M|L|XL,Black,49.99
U.S. Polo Assn. Men Stripes Black  Polo Tshirt,Men's Tshirts in Black. Ideal for sports and active training. Part of the 2011 collection. Designed for fall conditions. Available in multiple sizes for the perfect fit.,training-apparel,tshirts|men|black|casual|topwear,https://xtmpqidmltipyfpbogog.supabase.co/storage/v1/object/public/product-images/17240.jpg,https://xtmpqidmltipyfpbogog.supabase.co/storage/v1/object/public/product-images/17240.jpg,S|M|L|XL,Black,49.99
Nike Unisex Swoosh Black Backpack,Unisex Backpacks in Black. Ideal for sports and active training. Part of the 2011 collection. Designed for fall conditions. Available in multiple sizes for the perfect fit.,training-apparel,backpacks|unisex|black|sports|bags,https://xtmpqidmltipyfpbogog.supabase.co/storage/v1/object/public/product-images/12732.jpg,https://xtmpqidmltipyfpbogog.supabase.co/storage/v1/object/public/product-images/12732.jpg,S|M|L|XL,Black,49.99
Myntra Men's Brain Black T-shirt,Men's Tshirts in Black. Ideal for sports and active training. Part of the 2011 collection. Available in multiple sizes for the perfect fit.,training-apparel,tshirts|men|black|casual|topwear,https://xtmpqidmltipyfpbogog.supabase.co/storage/v1/object/public/product-images/3365.jpg,https://xtmpqidmltipyfpbogog.supabase.co/storage/v1/object/public/product-images/3365.jpg,S|M|L|XL,Black,49.99
Nike Men Air Relentless 2 MSL White Sports Shoes,Men's Sports Shoes in White. Ideal for sports and active training. Part of the 2012 collection. Available in multiple sizes for the perfect fit.,running-shoes,sports-shoes|men|white|sports|shoes,https://xtmpqidmltipyfpbogog.supabase.co/storage/v1/object/public/product-images/42042.jpg,https://xtmpqidmltipyfpbogog.supabase.co/storage/v1/object/public/product-images/42042.jpg,38|39|40|41|42|43|44,White,89.99
ADIDAS Men Black Anzo Breeze Casual Shoes,Men's Casual Shoes in Black. Ideal for sports and active training. Part of the 2011 collection. Designed for fall conditions. Available in multiple sizes for the perfect fit.,running-shoes,casual-shoes|men|black|casual|shoes,https://xtmpqidmltipyfpbogog.supabase.co/storage/v1/object/public/product-images/23849.jpg,https://xtmpqidmltipyfpbogog.supabase.co/storage/v1/object/public/product-images/23849.jpg,38|39|40|41|42|43|44,Black,89.99
Puma Men ducati logo tee Yellow Tshirts,Men's Tshirts in Yellow. Ideal for sports and active training. Part of the 2011 collection. Designed for fall conditions. Available in multiple sizes for the perfect fit.,training-apparel,tshirts|men|yellow|casual|topwear,https://xtmpqidmltipyfpbogog.supabase.co/storage/v1/object/public/product-images/10065.jpg,https://xtmpqidmltipyfpbogog.supabase.co/storage/v1/object/public/product-images/10065.jpg,S|M|L|XL,Yellow,49.99
Numero Uno Men White Casual Shoes,Men's Casual Shoes in White. Ideal for sports and active training. Part of the 2012 collection. Designed for fall conditions. Available in multiple sizes for the perfect fit.,running-shoes,casual-shoes|men|white|casual|shoes,https://xtmpqidmltipyfpbogog.supabase.co/storage/v1/object/public/product-images/24250.jpg,https://xtmpqidmltipyfpbogog.supabase.co/storage/v1/object/public/product-images/24250.jpg,38|39|40|41|42|43|44,White,89.99
Wrangler Men's Minstrel Shoulder Loop Purple T-shirt,Men's Tshirts in Purple. Ideal for sports and active training. Part of the 2011 collection. Available in multiple sizes for the perfect fit.,training-apparel,tshirts|men|purple|casual|topwear,https://xtmpqidmltipyfpbogog.supabase.co/storage/v1/object/public/product-images/5092.jpg,https://xtmpqidmltipyfpbogog.supabase.co/storage/v1/object/public/product-images/5092.jpg,S|M|L|XL,Purple,49.99
Wrangler Men Furious Rides Navy Blue T-Shirts,Men's Tshirts in Navy Blue. Ideal for sports and active training. Part of the 2011 collection. Designed for fall conditions. Available in multiple sizes for the perfect fit.,training-apparel,tshirts|men|navy blue|casual|topwear,https://xtmpqidmltipyfpbogog.supabase.co/storage/v1/object/public/product-images/10859.jpg,https://xtmpqidmltipyfpbogog.supabase.co/storage/v1/object/public/product-images/10859.jpg,S|M|L|XL,Navy Blue,49.99
Rockport Men LLandro Red Casual Shoes,Men's Casual Shoes in Red. Ideal for sports and active training. Part of the 2011 collection. Designed for fall conditions. Available in multiple sizes for the perfect fit.,running-shoes,casual-shoes|men|red|casual|shoes,https://xtmpqidmltipyfpbogog.supabase.co/storage/v1/object/public/product-images/15517.jpg,https://xtmpqidmltipyfpbogog.supabase.co/storage/v1/object/public/product-images/15517.jpg,38|39|40|41|42|43|44,Red,89.99
Skechers Women Green Shoe,Women's Casual Shoes in Green. Ideal for sports and active training. Part of the 2015 collection. Designed for winter conditions. Available in multiple sizes for the perfect fit.,running-shoes,casual-shoes|women|green|casual|shoes,https://xtmpqidmltipyfpbogog.supabase.co/storage/v1/object/public/product-images/4140.jpg,https://xtmpqidmltipyfpbogog.supabase.co/storage/v1/object/public/product-images/4140.jpg,38|39|40|41|42|43|44,Green,89.99
Locomotive Men Navy Blue Printed T-shirt,Men's Tshirts in Navy Blue. Ideal for sports and active training. Part of the 2012 collection. Available in multiple sizes for the perfect fit.,training-apparel,tshirts|men|navy blue|casual|topwear,https://xtmpqidmltipyfpbogog.supabase.co/storage/v1/object/public/product-images/24062.jpg,https://xtmpqidmltipyfpbogog.supabase.co/storage/v1/object/public/product-images/24062.jpg,S|M|L|XL,Navy Blue,49.99
United Colors Of Benetton Women Light Winter Black Sweatshirts,Women's Sweatshirts in Black. Ideal for sports and active training. Part of the 2011 collection. Designed for fall conditions. Available in multiple sizes for the perfect fit.,training-apparel,sweatshirts|women|black|casual|topwear,https://xtmpqidmltipyfpbogog.supabase.co/storage/v1/object/public/product-images/11385.jpg,https://xtmpqidmltipyfpbogog.supabase.co/storage/v1/object/public/product-images/11385.jpg,S|M|L|XL,Black,49.99
Lotto Unisex Canvas Black Check Shoe,Unisex Casual Shoes in Black. Ideal for sports and active training. Part of the 2011 collection. Available in multiple sizes for the perfect fit.,running-shoes,casual-shoes|unisex|black|casual|shoes,https://xtmpqidmltipyfpbogog.supabase.co/storage/v1/object/public/product-images/6425.jpg,https://xtmpqidmltipyfpbogog.supabase.co/storage/v1/object/public/product-images/6425.jpg,38|39|40|41|42|43|44,Black,89.99
Lee Women Paula Blue Top,Women's Tops in Blue. Ideal for sports and active training. Part of the 2012 collection. Available in multiple sizes for the perfect fit.,training-apparel,tops|women|blue|casual|topwear,https://xtmpqidmltipyfpbogog.supabase.co/storage/v1/object/public/product-images/31782.jpg,https://xtmpqidmltipyfpbogog.supabase.co/storage/v1/object/public/product-images/31782.jpg,S|M|L|XL,Blue,49.99
Vans Unisex Black & Grey Classic Shoes,Unisex Casual Shoes in Black. Ideal for sports and active training. Part of the 2012 collection. Available in multiple sizes for the perfect fit.,running-shoes,casual-shoes|unisex|black|casual|shoes,https://xtmpqidmltipyfpbogog.supabase.co/storage/v1/object/public/product-images/42270.jpg,https://xtmpqidmltipyfpbogog.supabase.co/storage/v1/object/public/product-images/42270.jpg,38|39|40|41|42|43|44,Black,89.99
Nike Men Printed Black T-shirt,Men's Tshirts in Black. Ideal for sports and active training. Part of the 2012 collection. Available in multiple sizes for the perfect fit.,training-apparel,tshirts|men|black|casual|topwear,https://xtmpqidmltipyfpbogog.supabase.co/storage/v1/object/public/product-images/30650.jpg,https://xtmpqidmltipyfpbogog.supabase.co/storage/v1/object/public/product-images/30650.jpg,S|M|L|XL,Black,49.99
Gini and Jony Girls Pretty Blossom Blue Top,Girls's Tops in Blue. Ideal for sports and active training. Part of the 2012 collection. Available in multiple sizes for the perfect fit.,training-apparel,tops|girls|blue|casual|topwear,https://xtmpqidmltipyfpbogog.supabase.co/storage/v1/object/public/product-images/40143.jpg,https://xtmpqidmltipyfpbogog.supabase.co/storage/v1/object/public/product-images/40143.jpg,S|M|L|XL,Blue,49.99
ADIDAS Unisex Response ST Analogue Black Watch,Unisex Watches in Black. Ideal for sports and active training. Part of the 2016 collection. Designed for winter conditions. Available in multiple sizes for the perfect fit.,training-apparel,watches|unisex|black|sports|watches,https://xtmpqidmltipyfpbogog.supabase.co/storage/v1/object/public/product-images/4716.jpg,https://xtmpqidmltipyfpbogog.supabase.co/storage/v1/object/public/product-images/4716.jpg,S|M|L|XL,Black,49.99
s.Oliver Women Stripes Beige Top,Women's Tops in Beige. Ideal for sports and active training. Part of the 2011 collection. Designed for fall conditions. Available in multiple sizes for the perfect fit.,training-apparel,tops|women|beige|casual|topwear,https://xtmpqidmltipyfpbogog.supabase.co/storage/v1/object/public/product-images/21174.jpg,https://xtmpqidmltipyfpbogog.supabase.co/storage/v1/object/public/product-images/21174.jpg,S|M|L|XL,Beige,49.99
Nike Women Solid Pink Shorts,Women's Shorts in Pink. Ideal for sports and active training. Part of the 2011 collection. Designed for fall conditions. Available in multiple sizes for the perfect fit.,training-apparel,shorts|women|pink|sports|bottomwear,https://xtmpqidmltipyfpbogog.supabase.co/storage/v1/object/public/product-images/15341.jpg,https://xtmpqidmltipyfpbogog.supabase.co/storage/v1/object/public/product-images/15341.jpg,S|M|L|XL,Pink,49.99
Classic Polo Men Stripes Blue Tshirts,Men's Tshirts in Blue. Ideal for sports and active training. Part of the 2011 collection. Designed for fall conditions. Available in multiple sizes for the perfect fit.,training-apparel,tshirts|men|blue|casual|topwear,https://xtmpqidmltipyfpbogog.supabase.co/storage/v1/object/public/product-images/14293.jpg,https://xtmpqidmltipyfpbogog.supabase.co/storage/v1/object/public/product-images/14293.jpg,S|M|L|XL,Blue,49.99
UCB Men's Polo Neck With Lion Logo Navy Blue T-shirt,Men's Tshirts in Navy Blue. Ideal for sports and active training. Part of the 2011 collection. Available in multiple sizes for the perfect fit.,training-apparel,tshirts|men|navy blue|casual|topwear,https://xtmpqidmltipyfpbogog.supabase.co/storage/v1/object/public/product-images/6041.jpg,https://xtmpqidmltipyfpbogog.supabase.co/storage/v1/object/public/product-images/6041.jpg,S|M|L|XL,Navy Blue,49.99
Doodle Kids Girls Pink I love Shopping Top,Girls's Tops in Pink. Ideal for sports and active training. Part of the 2011 collection. Designed for fall conditions. Available in multiple sizes for the perfect fit.,training-apparel,tops|girls|pink|casual|topwear,https://xtmpqidmltipyfpbogog.supabase.co/storage/v1/object/public/product-images/23623.jpg,https://xtmpqidmltipyfpbogog.supabase.co/storage/v1/object/public/product-images/23623.jpg,S|M|L|XL,Pink,49.99
Lotto Men Atlantica Black Sports Shoe,Men's Sports Shoes in Black. Ideal for sports and active training. Part of the 2011 collection. Designed for fall conditions. Available in multiple sizes for the perfect fit.,running-shoes,sports-shoes|men|black|sports|shoes,https://xtmpqidmltipyfpbogog.supabase.co/storage/v1/object/public/product-images/17416.jpg,https://xtmpqidmltipyfpbogog.supabase.co/storage/v1/object/public/product-images/17416.jpg,38|39|40|41|42|43|44,Black,89.99
Little Miss Women Printed Grey T-shirt,Women's Tshirts in Grey. Ideal for sports and active training. Part of the 2011 collection. Designed for fall conditions. Available in multiple sizes for the perfect fit.,training-apparel,tshirts|women|grey|casual|topwear,https://xtmpqidmltipyfpbogog.supabase.co/storage/v1/object/public/product-images/9835.jpg,https://xtmpqidmltipyfpbogog.supabase.co/storage/v1/object/public/product-images/9835.jpg,S|M|L|XL,Grey,49.99
ADIDAS Men Sports Black Sports Shoes,Men's Sports Shoes in Black. Ideal for sports and active training. Part of the 2011 collection. Designed for fall conditions. Available in multiple sizes for the perfect fit.,running-shoes,sports-shoes|men|black|sports|shoes,https://xtmpqidmltipyfpbogog.supabase.co/storage/v1/object/public/product-images/12958.jpg,https://xtmpqidmltipyfpbogog.supabase.co/storage/v1/object/public/product-images/12958.jpg,38|39|40|41|42|43|44,Black,89.99
Myntra Men's If You Don't Like Navy Blue T-shirt,Men's Tshirts in Navy Blue. Ideal for sports and active training. Part of the 2011 collection. Available in multiple sizes for the perfect fit.,training-apparel,tshirts|men|navy blue|casual|topwear,https://xtmpqidmltipyfpbogog.supabase.co/storage/v1/object/public/product-images/3533.jpg,https://xtmpqidmltipyfpbogog.supabase.co/storage/v1/object/public/product-images/3533.jpg,S|M|L|XL,Navy Blue,49.99
ADIDAS Men Solid Navy Blue Track Pant,Men's Track Pants in Navy Blue. Ideal for sports and active training. Part of the 2011 collection. Designed for fall conditions. Available in multiple sizes for the perfect fit.,training-apparel,track-pants|men|navy blue|sports|bottomwear,https://xtmpqidmltipyfpbogog.supabase.co/storage/v1/object/public/product-images/17624.jpg,https://xtmpqidmltipyfpbogog.supabase.co/storage/v1/object/public/product-images/17624.jpg,S|M|L|XL,Navy Blue,49.99
ADIDAS Women Lavender Hagkok Sports Shoes,Women's Sports Shoes in Lavender. Ideal for sports and active training. Part of the 2012 collection. Available in multiple sizes for the perfect fit.,running-shoes,sports-shoes|women|lavender|sports|shoes,https://xtmpqidmltipyfpbogog.supabase.co/storage/v1/object/public/product-images/46086.jpg,https://xtmpqidmltipyfpbogog.supabase.co/storage/v1/object/public/product-images/46086.jpg,38|39|40|41|42|43|44,Lavender,89.99
Gini and Jony Kids Boys Solid Black Shorts,Men's Shorts in Black. Ideal for sports and active training. Part of the 2011 collection. Designed for fall conditions. Available in multiple sizes for the perfect fit.,training-apparel,shorts|men|black|casual|bottomwear,https://xtmpqidmltipyfpbogog.supabase.co/storage/v1/object/public/product-images/13284.jpg,https://xtmpqidmltipyfpbogog.supabase.co/storage/v1/object/public/product-images/13284.jpg,S|M|L|XL,Black,49.99
F Sports Men White Outlander Sports Shoes,Men's Sports Shoes in White. Ideal for sports and active training. Part of the 2012 collection. Designed for fall conditions. Available in multiple sizes for the perfect fit.,running-shoes,sports-shoes|men|white|casual|shoes,https://xtmpqidmltipyfpbogog.supabase.co/storage/v1/object/public/product-images/54543.jpg,https://xtmpqidmltipyfpbogog.supabase.co/storage/v1/object/public/product-images/54543.jpg,38|39|40|41|42|43|44,White,89.99
Tantra Women Flower Heart Black Long T-shirt,Women's Tshirts in Black. Ideal for sports and active training. Part of the 2011 collection. Available in multiple sizes for the perfect fit.,training-apparel,tshirts|women|black|casual|topwear,https://xtmpqidmltipyfpbogog.supabase.co/storage/v1/object/public/product-images/3701.jpg,https://xtmpqidmltipyfpbogog.supabase.co/storage/v1/object/public/product-images/3701.jpg,S|M|L|XL,Black,49.99
FILA Men Liga II Black Shoes,Men's Casual Shoes in Black. Ideal for sports and active training. Part of the 2012 collection. Available in multiple sizes for the perfect fit.,running-shoes,casual-shoes|men|black|casual|shoes,https://xtmpqidmltipyfpbogog.supabase.co/storage/v1/object/public/product-images/32751.jpg,https://xtmpqidmltipyfpbogog.supabase.co/storage/v1/object/public/product-images/32751.jpg,38|39|40|41|42|43|44,Black,89.99
Jealous 21 Women Uaine Purple Tops,Women's Tops in Purple. Ideal for sports and active training. Part of the 2011 collection. Designed for fall conditions. Available in multiple sizes for the perfect fit.,training-apparel,tops|women|purple|casual|topwear,https://xtmpqidmltipyfpbogog.supabase.co/storage/v1/object/public/product-images/10401.jpg,https://xtmpqidmltipyfpbogog.supabase.co/storage/v1/object/public/product-images/10401.jpg,S|M|L|XL,Purple,49.99
Puma Men's YugoRun Black White Shoe,Men's Sports Shoes in Black. Ideal for sports and active training. Part of the 2011 collection. Available in multiple sizes for the perfect fit.,running-shoes,sports-shoes|men|black|sports|shoes,https://xtmpqidmltipyfpbogog.supabase.co/storage/v1/object/public/product-images/4524.jpg,https://xtmpqidmltipyfpbogog.supabase.co/storage/v1/object/public/product-images/4524.jpg,38|39|40|41|42|43|44,Black,89.99
United Colors of Benetton Women Blue Top,Women's Tops in Blue. Ideal for sports and active training. Part of the 2012 collection. Available in multiple sizes for the perfect fit.,training-apparel,tops|women|blue|casual|topwear,https://xtmpqidmltipyfpbogog.supabase.co/storage/v1/object/public/product-images/37223.jpg,https://xtmpqidmltipyfpbogog.supabase.co/storage/v1/object/public/product-images/37223.jpg,S|M|L|XL,Blue,49.99
Puma Men White and Navy Blue T-shirt,Men's Tshirts in White. Ideal for sports and active training. Part of the 2012 collection. Available in multiple sizes for the perfect fit.,training-apparel,tshirts|men|white|casual|topwear,https://xtmpqidmltipyfpbogog.supabase.co/storage/v1/object/public/product-images/53766.jpg,https://xtmpqidmltipyfpbogog.supabase.co/storage/v1/object/public/product-images/53766.jpg,S|M|L|XL,White,49.99
Doodle Kids Girls City Chic White Top,Girls's Tops in White. Ideal for sports and active training. Part of the 2011 collection. Designed for fall conditions. Available in multiple sizes for the perfect fit.,training-apparel,tops|girls|white|casual|topwear,https://xtmpqidmltipyfpbogog.supabase.co/storage/v1/object/public/product-images/25520.jpg,https://xtmpqidmltipyfpbogog.supabase.co/storage/v1/object/public/product-images/25520.jpg,S|M|L|XL,White,49.99
ONLY Women Black Top,Women's Tops in Black. Ideal for sports and active training. Part of the 2012 collection. Available in multiple sizes for the perfect fit.,training-apparel,tops|women|black|casual|topwear,https://xtmpqidmltipyfpbogog.supabase.co/storage/v1/object/public/product-images/32597.jpg,https://xtmpqidmltipyfpbogog.supabase.co/storage/v1/object/public/product-images/32597.jpg,S|M|L|XL,Black,49.99
Elle Women Dark Pink Top,Women's Tops in Pink. Ideal for sports and active training. Part of the 2012 collection. Available in multiple sizes for the perfect fit.,training-apparel,tops|women|pink|casual|topwear,https://xtmpqidmltipyfpbogog.supabase.co/storage/v1/object/public/product-images/57100.jpg,https://xtmpqidmltipyfpbogog.supabase.co/storage/v1/object/public/product-images/57100.jpg,S|M|L|XL,Pink,49.99
Nike Women Free Run Pink Sports Shoes,Women's Sports Shoes in Pink. Ideal for sports and active training. Part of the 2012 collection. Available in multiple sizes for the perfect fit.,running-shoes,sports-shoes|women|pink|sports|shoes,https://xtmpqidmltipyfpbogog.supabase.co/storage/v1/object/public/product-images/36137.jpg,https://xtmpqidmltipyfpbogog.supabase.co/storage/v1/object/public/product-images/36137.jpg,38|39|40|41|42|43|44,Pink,89.99
GAS Men Brown Count Casual Shoes,Men's Casual Shoes in Brown. Ideal for sports and active training. Part of the 2013 collection. Available in multiple sizes for the perfect fit.,running-shoes,casual-shoes|men|brown|casual|shoes,https://xtmpqidmltipyfpbogog.supabase.co/storage/v1/object/public/product-images/39943.jpg,https://xtmpqidmltipyfpbogog.supabase.co/storage/v1/object/public/product-images/39943.jpg,38|39|40|41|42|43|44,Brown,89.99
Puma Men Cabana Racer Sketch White Sports Shoes,Men's Sports Shoes in White. Ideal for sports and active training. Part of the 2011 collection. Designed for fall conditions. Available in multiple sizes for the perfect fit.,running-shoes,sports-shoes|men|white|sports|shoes,https://xtmpqidmltipyfpbogog.supabase.co/storage/v1/object/public/product-images/8913.jpg,https://xtmpqidmltipyfpbogog.supabase.co/storage/v1/object/public/product-images/8913.jpg,38|39|40|41|42|43|44,White,89.99
Nike Men White Capri II Casual Shoe,Men's Casual Shoes in White. Ideal for sports and active training. Part of the 2011 collection. Designed for fall conditions. Available in multiple sizes for the perfect fit.,running-shoes,casual-shoes|men|white|casual|shoes,https://xtmpqidmltipyfpbogog.supabase.co/storage/v1/object/public/product-images/22705.jpg,https://xtmpqidmltipyfpbogog.supabase.co/storage/v1/object/public/product-images/22705.jpg,38|39|40|41|42|43|44,White,89.99
Forever New Women Stone Cream Jacket,Women's Jackets in Cream. Ideal for sports and active training. Part of the 2011 collection. Available in multiple sizes for the perfect fit.,jackets,jackets|women|cream|casual|topwear,https://xtmpqidmltipyfpbogog.supabase.co/storage/v1/object/public/product-images/6889.jpg,https://xtmpqidmltipyfpbogog.supabase.co/storage/v1/object/public/product-images/6889.jpg,S|M|L|XL,Cream,79.99
United Colors of Benetton Women Solid Purple Top,Women's Tops in Purple. Ideal for sports and active training. Part of the 2011 collection. Available in multiple sizes for the perfect fit.,training-apparel,tops|women|purple|casual|topwear,https://xtmpqidmltipyfpbogog.supabase.co/storage/v1/object/public/product-images/19578.jpg,https://xtmpqidmltipyfpbogog.supabase.co/storage/v1/object/public/product-images/19578.jpg,S|M|L|XL,Purple,49.99
Scullers For Her Women Blue Top,Women's Tops in Blue. Ideal for sports and active training. Part of the 2012 collection. Available in multiple sizes for the perfect fit.,training-apparel,tops|women|blue|casual|topwear,https://xtmpqidmltipyfpbogog.supabase.co/storage/v1/object/public/product-images/27879.jpg,https://xtmpqidmltipyfpbogog.supabase.co/storage/v1/object/public/product-images/27879.jpg,S|M|L|XL,Blue,49.99
Classic Polo Men's Swiss Yellow T-shirt,Men's Tshirts in Yellow. Ideal for sports and active training. Part of the 2011 collection. Available in multiple sizes for the perfect fit.,training-apparel,tshirts|men|yellow|casual|topwear,https://xtmpqidmltipyfpbogog.supabase.co/storage/v1/object/public/product-images/6287.jpg,https://xtmpqidmltipyfpbogog.supabase.co/storage/v1/object/public/product-images/6287.jpg,S|M|L|XL,Yellow,49.99
Tantra Men's Black Sabbath Navy T-shirt,Men's Tshirts in Navy Blue. Ideal for sports and active training. Part of the 2011 collection. Designed for fall conditions. Available in multiple sizes for the perfect fit.,training-apparel,tshirts|men|navy blue|casual|topwear,https://xtmpqidmltipyfpbogog.supabase.co/storage/v1/object/public/product-images/7355.jpg,https://xtmpqidmltipyfpbogog.supabase.co/storage/v1/object/public/product-images/7355.jpg,S|M|L|XL,Navy Blue,49.99
French Connection Men White T-shirt,Men's Tshirts in White. Ideal for sports and active training. Part of the 2012 collection. Available in multiple sizes for the perfect fit.,training-apparel,tshirts|men|white|casual|topwear,https://xtmpqidmltipyfpbogog.supabase.co/storage/v1/object/public/product-images/43500.jpg,https://xtmpqidmltipyfpbogog.supabase.co/storage/v1/object/public/product-images/43500.jpg,S|M|L|XL,White,49.99
Palm Tree Kids Girls Printed White Tops,Women's Tops in White. Ideal for sports and active training. Part of the 2011 collection. Designed for fall conditions. Available in multiple sizes for the perfect fit.,training-apparel,tops|women|white|casual|topwear,https://xtmpqidmltipyfpbogog.supabase.co/storage/v1/object/public/product-images/13270.jpg,https://xtmpqidmltipyfpbogog.supabase.co/storage/v1/object/public/product-images/13270.jpg,S|M|L|XL,White,49.99
Palm Tree Girls Pink Top,Girls's Tops in Pink. Ideal for sports and active training. Part of the 2012 collection. Available in multiple sizes for the perfect fit.,training-apparel,tops|girls|pink|casual|topwear,https://xtmpqidmltipyfpbogog.supabase.co/storage/v1/object/public/product-images/31120.jpg,https://xtmpqidmltipyfpbogog.supabase.co/storage/v1/object/public/product-images/31120.jpg,S|M|L|XL,Pink,49.99
ADIDAS Unisex Blue Cap,Unisex Caps in Blue. Ideal for sports and active training. Part of the 2012 collection. Available in multiple sizes for the perfect fit.,training-apparel,caps|unisex|blue|sports|headwear,https://xtmpqidmltipyfpbogog.supabase.co/storage/v1/object/public/product-images/25712.jpg,https://xtmpqidmltipyfpbogog.supabase.co/storage/v1/object/public/product-images/25712.jpg,S|M|L|XL,Blue,49.99
United Colors of Benetton Men Olive Tshirts,Men's Tshirts in Olive. Ideal for sports and active training. Part of the 2011 collection. Designed for fall conditions. Available in multiple sizes for the perfect fit.,training-apparel,tshirts|men|olive|casual|topwear,https://xtmpqidmltipyfpbogog.supabase.co/storage/v1/object/public/product-images/11527.jpg,https://xtmpqidmltipyfpbogog.supabase.co/storage/v1/object/public/product-images/11527.jpg,S|M|L|XL,Olive,49.99
Tokyo Talkies Women Yellow Top,Women's Tops in Yellow. Ideal for sports and active training. Part of the 2012 collection. Available in multiple sizes for the perfect fit.,training-apparel,tops|women|yellow|casual|topwear,https://xtmpqidmltipyfpbogog.supabase.co/storage/v1/object/public/product-images/40385.jpg,https://xtmpqidmltipyfpbogog.supabase.co/storage/v1/object/public/product-images/40385.jpg,S|M|L|XL,Yellow,49.99